"","Mean","SD"
"real_docker",11.9292279792746,2.98927224801535
"real_ubuntu",11.6691866666667,0.259392873665175
"user_docker",11.6502590673575,2.92802433306736
"user_ubuntu",11.4840133333333,0.257861442078807
"sys_docker",0.220259067357513,0.0758180060047896
"sys_ubuntu",0.1676,0.0227743527007816
